regime,seed,n,total_ret%,ann_vol%,max_dd%,ret_ac1,ret_ac5,vol_cluster_ac1,skew,kurt,gap_std%,doji_frac,mean_uwick,mean_lwick,max_flat_run,max_segm_corr,viol_h,viol_l,viol_v,q_step%
bubble_burst,1000,220,-46.6,94.9,-63.3,-0.02,0.079,0.437,-0.43,12.07,4.48,0.127,0.1,-0.24,1,0.18,62,44,0,0.155
bubble_burst,1001,220,-44.3,2431.7,-114.3,-0.042,-0.037,0.061,14.2,207.48,141.1,0.136,-2.84,-3.24,1,0.02,53,43,0,0.2
bubble_burst,1002,220,-41.1,78.4,-62.2,0.208,-0.009,0.336,-0.83,2.38,4.44,0.191,-0.01,0.02,1,0.11,69,68,0,0.194
choppy_sideways,1000,180,-8.4,12.7,-11.8,-0.064,0.043,-0.062,-0.05,-0.31,0.5,0.15,0.27,0.27,1,0.14,3,6,0,0.044
choppy_sideways,1001,180,-4.6,12.2,-11.1,-0.051,-0.134,0.239,-0.01,0.6,0.38,0.117,0.28,0.28,1,0.18,11,9,0,0.029
choppy_sideways,1002,180,-5.9,17.1,-11.6,-0.079,-0.091,0.077,-0.39,1.76,0.68,0.111,0.21,0.21,1,0.19,17,18,0,0.03
crash_recovery,1000,250,86.1,33.7,-15.6,-0.006,0.097,0.208,0.3,4.37,1.99,0.168,0.24,0.29,1,0.23,54,63,0,0.096
crash_recovery,1001,250,69.8,52.8,-48.8,-0.128,0.048,0.398,-0.47,6.08,2.13,0.156,0.16,0.17,1,0.12,61,51,0,0.15
crash_recovery,1002,250,69.3,32.3,-10.6,-0.231,-0.048,0.084,0.39,2.17,1.29,0.132,0.23,0.32,1,0.16,45,47,1,0.097
high_vol_whipsaw,3000,180,-2.6,32.0,-34.5,0.04,0.049,0.266,-0.39,3.39,1.43,0.094,0.2,0.22,1,0.1,33,34,0,0.085
high_vol_whipsaw,3001,180,2.5,23.4,-22.8,-0.05,0.099,0.098,-0.6,3.12,1.0,0.094,0.2,0.21,1,0.16,31,27,0,0.075
high_vol_whipsaw,1000,160,-97.0,127.3,-98.0,0.431,-0.013,0.63,-4.17,25.45,5.49,0.762,0.58,0.55,1,0.19,33,126,0,1.706
high_vol_whipsaw,1001,160,-97.1,192633.9,-100.0,-0.007,-0.006,-0.006,12.59,158.71,4430.0,0.756,0.19,0.88,1,0.0,76,127,0,2.03
high_vol_whipsaw,1002,160,-96.2,257.6,-97.8,-0.196,-0.132,0.363,5.03,62.16,13.04,0.656,-0.18,-0.25,1,0.22,80,125,0,2.407
steady_uptrend,1000,200,-22.8,21.9,-26.3,-0.118,-0.104,0.125,0.21,3.57,1.13,0.07,0.13,0.21,1,0.23,58,36,0,0.056
steady_uptrend,1001,200,-23.4,25.6,-34.9,0.169,0.005,0.221,-1.97,12.83,1.03,0.08,0.19,0.2,1,0.14,54,45,0,0.052
steady_uptrend,1002,200,-24.5,19.6,-24.8,-0.235,-0.178,0.336,0.03,4.18,0.81,0.105,0.19,0.28,1,0.3,36,27,0,0.056
uptrend_2009,4000,200,63.3,47.3,-16.4,-0.313,-0.149,0.276,0.12,1.84,3.81,0.11,0.13,0.13,1,0.15,59,50,0,0.135
uptrend_2009,4001,200,40.7,57.7,-18.6,-0.396,-0.035,0.384,2.1,17.39,3.69,0.17,0.2,0.26,1,0.17,19,33,1,0.097
uptrend_2013-06,2000,200,-28.1,20.1,-29.7,-0.167,0.139,0.244,-0.52,2.1,0.97,0.135,0.2,0.31,1,0.2,32,20,0,0.067
uptrend_2013-06,2001,200,-18.3,26.3,-25.0,-0.165,0.109,0.146,-0.98,5.13,1.21,0.11,-0.3,-0.45,1,0.18,60,56,0,0.075
uptrend_2019-09,2100,200,-17.1,16.3,-23.9,-0.171,-0.055,0.3,-0.15,2.37,0.72,0.115,0.26,0.33,1,0.17,20,16,0,0.043
